"date","year","tsm","total.obs.mins","obs.hours","wind.dir","visibility","observer","count"
2016-08-27,2016,6.5,300,5,NA,NA,"SB",15
2016-08-28,2016,6.5,300,5,NA,NA,"SB",244
2016-08-31,2016,6.5,240,4,NA,NA,"SB",25
2016-09-01,2016,6.5,300,5,NA,NA,"SB",15
2016-09-02,2016,6.5,300,5,NA,NA,"SB",62
2016-09-03,2016,6.5,300,5,NA,NA,"SB",80
2016-09-04,2016,6.5,300,5,NA,NA,"SB",56
2016-09-07,2016,15.5,120,2,NA,NA,"SB",0
2016-09-09,2016,15.5,120,2,NA,NA,"SB",4
2016-09-10,2016,6.5,300,5,NA,NA,"SB",24
2016-09-11,2016,7.08333333333333,265,4.41666666666667,NA,NA,"SB",2
2016-09-12,2016,6.08333333333333,90,1.5,"W",NA,"SB",59
2016-09-13,2016,6,90,1.5,"SW",NA,"SB",41
2016-09-14,2016,6.25,315,5.25,"SW",NA,"SB",23
2016-09-15,2016,6.5,315,5.25,"W",NA,"SB",72
2016-09-16,2016,6.25,330,5.5,"SW",NA,"SB",223
2016-09-17,2016,6.5,315,5.25,"SSW",NA,"SB",117
2016-09-18,2016,6.5,300,5,"SW",NA,"SB",40
2016-09-19,2016,15.5,120,2,"NNE",NA,"SB",0
2016-09-21,2016,8.5,240,4,"WSW",NA,"SB",37
2016-09-22,2016,6.5,300,5,"WSW",NA,"SB",211
2016-09-23,2016,6.5,330,5.5,"WSW",NA,"SB",123
2016-09-24,2016,6.5,300,5,"W",NA,"SB",228
2016-09-25,2016,6.5,305,5.08333333333333,"WNW",NA,"SB",106
2016-09-26,2016,15.5,120,2,"W",NA,"SB",22
2016-09-28,2016,6.16666666666667,280,4.66666666666667,NA,NA,"SB",493
2016-09-29,2016,6.5,300,5,"NE",NA,"SB",390
2016-09-30,2016,6.5,300,5,"ENE",NA,"SB",155
2016-10-01,2016,6.5,300,5,"NE",NA,"SB",135
2016-10-02,2016,6.5,300,5,"NE",NA,"SB",100
2016-10-03,2016,15.5,120,2,"SE",NA,"SB",174
2016-10-04,2016,15.5,135,2.25,"ESE",NA,"SB",81
2016-10-05,2016,6.5,300,5,NA,NA,"SB",246
2016-10-06,2016,6.5,300,5,"S",NA,"SB",134
2016-10-07,2016,0,300,5,"S",NA,"SB",218
2016-10-08,2016,15.5,125,2.08333333333333,"S",NA,"SB",261
2016-10-09,2016,6.5,305,5.08333333333333,"NNW",NA,"SB",282
2016-10-10,2016,6.5,195,3.25,"NNW",NA,"SB",84
2016-10-11,2016,15.5,120,2,"N",NA,"SB",17
2016-10-12,2016,6.5,355,5.91666666666667,"SSE",NA,"SB",1583
2016-10-13,2016,6.5,305,5.08333333333333,"S",NA,"SB",795
2016-10-14,2016,6.5,300,5,"NNW",NA,"SB",182
2016-10-15,2016,6.5,300,5,NA,NA,"SB",616
2016-10-16,2016,0,300,5,"SW",NA,"SB",594
2016-10-17,2016,6.66666666666667,280,4.66666666666667,NA,NA,"SB",305
2016-10-18,2016,6.66666666666667,280,4.66666666666667,"ESE",NA,"SB",702
2016-10-19,2016,15.75,105,1.75,"W",NA,"SB",102
2016-10-24,2016,6.5,300,5,"WNW",NA,"SB",169
2016-10-25,2016,6.83333333333333,160,2.66666666666667,"WNW",NA,"SB",84
2016-10-26,2016,15,105,1.75,"NW",NA,"SB",166
2016-10-27,2016,6.83333333333333,280,4.66666666666667,"ENE",NA,"SB",546
2016-10-29,2016,7.08333333333333,165,2.75,"NNW",NA,"SB",272
2016-10-30,2016,6.91666666666667,275,4.58333333333333,"WNW",NA,"SB",135
2016-10-31,2016,7,150,2.5,"NW",NA,"SB",69
2016-11-01,2016,7,240,4,NA,NA,"SB",70
2016-11-02,2016,7,150,2.5,"SSE",NA,"SB",254
2016-11-03,2016,7,120,2,"NNW",NA,"SB",37
2016-11-04,2016,7,120,2,"NNW",NA,"SB",14
2016-11-05,2016,7,210,3.5,"W",NA,"SB",201
2016-11-06,2016,7,180,3,"N",NA,"SB",9
2016-11-07,2016,7.33333333333333,220,3.66666666666667,"N",NA,"SB",32
2016-11-08,2016,6.33333333333333,240,4,"NNW",NA,"SB",56
2016-11-10,2016,6.5,120,2,"NW",NA,"SB",8
2016-11-11,2016,6.5,150,2.5,"SSW",NA,"SB",8
2016-11-12,2016,6.5,180,3,NA,NA,"AV",31
2016-11-13,2016,6.5,180,3,NA,NA,"AV",59
2016-11-14,2016,7.08333333333333,120,2,"WSW",NA,"MS",30
2017-09-11,2017,6.5,300,5,"NW",NA,"AW",46
2017-09-12,2017,6.33333333333333,130,2.16666666666667,NA,NA,"SB",7
2017-09-13,2017,6.45,60,1,"SSW",NA,"SB",1
2017-09-14,2017,6.25,110,1.83333333333333,NA,NA,"AS",0
2017-09-15,2017,6.25,330,5.5,NA,NA,"AS",6
2017-09-16,2017,6.25,240,4,NA,NA,"AS",1
2017-09-17,2017,6.16666666666667,60,1,NA,NA,"AS",0
2017-09-18,2017,6.16666666666667,240,4,NA,NA,"AS",0
2017-09-20,2017,6,345,5.75,"W",NA,"AS",7
2017-09-21,2017,6.25,270,4.5,"S",NA,"AS",25
2017-09-22,2017,6.25,315,5.25,"S",NA,"AS/SB",8
2017-09-23,2017,6.25,180,3,NA,NA,"AS",1
2017-09-24,2017,6.25,300,5,"WSW",NA,"AS",21
2017-09-25,2017,6.25,300,5,NA,NA,"AS",19
2017-09-27,2017,6.25,120,2,NA,NA,"AS",0
2017-09-28,2017,6.25,300,5,NA,NA,"AS",2
2017-09-29,2017,6.5,300,5,NA,NA,"AS",6
2017-09-30,2017,6.5,300,5,NA,NA,"AS",48
2017-10-01,2017,6.5,300,5,NA,NA,"AS",16
2017-10-02,2017,6.5,300,5,NA,NA,"AS",58
2017-10-03,2017,6.25,195,3.25,"NW",NA,"SB",317
2017-10-04,2017,6.5,300,5,"SW",NA,"AS",96
2017-10-05,2017,6.5,300,5,"W",NA,"AS",41
2017-10-06,2017,0,300,5,NA,NA,"AS",87
2017-10-07,2017,0,300,5,NA,NA,"AS",234
2017-10-08,2017,6.5,300,5,NA,NA,"AS",28
2017-10-09,2017,6.5,180,3,NA,NA,"AS",49
2017-10-10,2017,6.5,250,4.16666666666667,"WNW",NA,"SB",46
2017-10-11,2017,6.75,300,5,NA,NA,"AS",228
2017-10-12,2017,0,300,5,NA,NA,"AS",214
2017-10-13,2017,6.75,315,5.25,NA,NA,"AS",213
2017-10-14,2017,6.75,300,5,NA,NA,"AS",243
2017-10-15,2017,6.75,105,1.75,NA,NA,"AS",68
2017-10-16,2017,6.75,315,5.25,NA,NA,"AS",50
2017-10-17,2017,6.5,270,4.5,"SW",NA,"SB",204
2017-10-18,2017,6.75,315,5.25,NA,NA,"AS",231
2017-10-19,2017,6.75,300,5,NA,NA,"AS",514
2017-10-20,2017,6.75,315,5.25,NA,NA,"AS",35
2017-10-21,2017,6.75,300,5,NA,NA,"AS",159
2017-10-22,2017,7.16666666666667,300,5,NA,NA,"AS",351
2017-10-23,2017,15.5,120,2,NA,NA,"AS",210
2017-10-24,2017,6.75,225,3.75,"SSE",NA,"SB",741
2017-10-25,2017,15.5,120,2,NA,NA,"AS",0
2017-10-26,2017,7,90,1.5,"W",NA,"AS",0
2017-10-27,2017,7,300,5,NA,NA,"AS",21
2017-10-28,2017,7,330,5.5,NA,NA,"AS",275
2017-10-29,2017,7,300,5,NA,NA,"AS",91
2017-10-30,2017,0,60,1,NA,NA,NA,0
2017-10-31,2017,7,330,5.5,"S",NA,"AS",26
2017-11-01,2017,7,300,5,NA,NA,"AS",18
2017-11-03,2017,7,285,4.75,NA,NA,"AS",85
2017-11-04,2017,7,300,5,NA,NA,"AS",17
2017-11-05,2017,6.25,300,5,"E",NA,"AS",553
2017-11-06,2017,6.25,180,3,NA,NA,"AS",1
2017-11-07,2017,6.75,135,2.25,"WNW",NA,"SB",72
2017-11-08,2017,6.25,300,5,"NNE",NA,"AS",26
2017-11-09,2017,6.25,300,5,"NNE",NA,"AS",17
2017-11-10,2017,6.25,300,5,"W",NA,"AS",16
2017-11-11,2017,6.25,300,5,"WNW",NA,"AS",13
2017-11-12,2017,6.25,300,5,"SSE",NA,"AS",32
2017-11-14,2017,6.41666666666667,155,2.58333333333333,"N",NA,"SB",42
2017-11-15,2017,6.5,300,5,"NNE",NA,"AS",5
2017-11-16,2017,6,180,3,"SSW",NA,"AS",50
2017-11-17,2017,6,180,3,"WNW",NA,"AS",2
2018-09-04,2018,17,120,2,"WNW",NA,"EJ",5
2018-09-05,2018,5.5,390,6.5,"NE",NA,"EJ",106
2018-09-06,2018,16,120,2,"W","4","SB",0
2018-09-07,2018,6,120,2,"N","4","SB",27
2018-09-08,2018,5.5,330,5.5,"N","4","EJ",32
2018-09-09,2018,5.5,330,5.5,NA,"4","EJ",44
2018-09-10,2018,5.5,330,5.5,"E","4","EJ",59
2018-09-11,2018,6.25,195,3.25,"E","2","EJ",5
2018-09-12,2018,5.5,300,5,NA,"2","EJ/SB",17
2018-09-13,2018,5.83333333333333,100,1.66666666666667,"W","2","SB",4
2018-09-14,2018,5.58333333333333,160,2.66666666666667,NA,"3","SB",1
2018-09-16,2018,7,210,3.5,NA,"4","EJ",61
2018-09-17,2018,15.5,60,1,"W","1","EJ",0
2018-09-18,2018,5.75,210,3.5,"W","2","EJ",17
2018-09-19,2018,5.83333333333333,380,6.33333333333333,"E","3","EJ/SB",108
2018-09-20,2018,5.75,405,6.75,"N","4","SB",128
2018-09-21,2018,5.75,225,3.75,NA,"4","SB",96
2018-09-22,2018,6,345,5.75,"NW","3","EJ",15
2018-09-23,2018,5.83333333333333,345,5.75,NA,"4","EJ",175
2018-09-24,2018,6,300,5,NA,"4","EJ",112
2018-09-25,2018,6,330,5.5,"S","3","EJ",89
2018-09-26,2018,6,180,3,"SSW","2","EJ",19
2018-09-27,2018,5.83333333333333,280,4.66666666666667,"N","3","SB",131
2018-09-28,2018,6,300,5,"NNW","3","SB",100
2018-09-29,2018,6,210,3.5,"W","4","EJ",169
2018-09-30,2018,6,360,6,NA,"4","EJ",187
2018-10-01,2018,6,330,5.5,"E","4","EJ",253
2018-10-02,2018,6,360,6,"NE","3","EJ",195
2018-10-03,2018,6.08333333333333,360,6,NA,"4","EJ",136
2018-10-04,2018,6,300,5,"SW","3","EJ/SB",89
2018-10-05,2018,6,240,4,"N","3","SB",75
2018-10-06,2018,6,330,5.5,NA,"4","EJ",258
2018-10-07,2018,6,330,5.5,NA,"3","EJ",449
2018-10-08,2018,6,330,5.5,NA,"4","EJ",401
2018-10-09,2018,6.16666666666667,330,5.5,"SW","3","EJ",56
2018-10-10,2018,6.16666666666667,330,5.5,NA,"3","EJ",701
2018-10-11,2018,6.5,210,3.5,"ENE","1","SB",53
2018-10-12,2018,6.25,240,4,"NW","3","SB",308
2018-10-13,2018,6.25,345,5.75,"WNW","3","EJ",627
2018-10-14,2018,6.33333333333333,400,6.66666666666667,"NW","4","EJ",180
2018-10-15,2018,6.25,345,5.75,NA,"3","EJ/KY",548
2018-10-16,2018,6.41666666666667,360,6,"NW","4","EJ",121
2018-10-17,2018,6.5,540,9,"SW","4","EJ/SB",328
2018-10-18,2018,6.25,305,5.08333333333333,"WNW","4","SB",153
2018-10-19,2018,6.5,270,4.5,"WSW","4","SB",771
2018-10-20,2018,6.41666666666667,350,5.83333333333333,"SW","3","EJ",393
2018-10-21,2018,6.5,330,5.5,"N","4","EJ",454
2018-10-22,2018,6.5,330,5.5,"WNW","4","EJ",508
2018-10-23,2018,6.5,330,5.5,"S","3","EJ",463
2018-10-24,2018,6.5,300,5,"N","3","EJ",49
2018-10-25,2018,6.58333333333333,330,5.5,"N","4","EJ",202
2018-10-26,2018,6.5,240,4,"WNW","4","SB",153
2018-10-27,2018,6.5,360,6,"SE","4","EJ",803
2018-10-28,2018,6.75,210,3.5,NA,"2","EJ",30
2018-10-29,2018,6.66666666666667,300,5,"SW","3","EJ",277
2018-10-30,2018,6.66666666666667,330,5.5,"N","4","EJ",206
2018-10-31,2018,6.75,315,5.25,"N","4","EJ",125
2018-11-01,2018,7,240,4,"WSW","3","SB",464
2018-11-02,2018,7,30,0.5,"ENE","1","SB",0
2018-11-03,2018,7.43333333333333,211,3.51666666666667,"SW","2","IB/KY",17
2018-11-04,2018,5.75,315,5.25,"NW","4","EJ/IB/KY",88
2018-11-05,2018,5.83333333333333,360,6,NA,"4","EJ",272
2018-11-06,2018,6,195,3.25,"ENE","1","EJ",44
2018-11-07,2018,6,300,5,"W","3","EJ",113
2018-11-08,2018,6,300,5,"W","4","SB",133
2018-11-09,2018,6,240,4,NA,"3","SB",94
2018-11-10,2018,6.25,300,5,NA,"3","EJ",4
2018-11-11,2018,6.08333333333333,300,5,"WNW","4","EJ",233
2018-11-12,2018,6.08333333333333,300,5,"NW","4","EJ",176
2018-11-13,2018,6.16666666666667,210,3.5,"SW","2","EJ",10
2018-11-14,2018,6.25,240,4,"NW","4","EJ",70
2019-09-04,2019,6,300,5,"S","4","HD",106
2019-09-05,2019,6,300,5,"SSE","4","HD",20
2019-09-06,2019,6,300,5,"SSW","4","HD",43
2019-09-08,2019,5.83333333333333,240,4,"NW","4","HD",17
2019-09-09,2019,6,300,5,"N","4","HD",35
2019-09-10,2019,6,300,5,"NNE","4","HD",95
2019-09-11,2019,6,300,5,"SSW","4","HD",5
2019-09-12,2019,5.83333333333333,300,5,"N","4","HD",23
2019-09-14,2019,6,330,5.5,"S","4","EJ",34
2019-09-15,2019,5.5,300,5,"N","3","HD",22
2019-09-16,2019,6,300,5,"WNW","4","HD",36
2019-09-17,2019,6,300,5,"WNW","4","HD",78
2019-09-18,2019,6,300,5,"N","4","HD/SB",103
2019-09-19,2019,6,300,5,"WNW","4","HD/SB",55
2019-09-20,2019,6,240,4,"WNW","4","SB",101
2019-09-21,2019,6,300,5,"NW","3","HD",65
2019-09-22,2019,6.16666666666667,300,5,"WSW","4","HD",81
2019-09-23,2019,6.16666666666667,294,4.9,"S","3","HD",9
2019-09-24,2019,6.16666666666667,270,4.5,"SSW","3","HD",16
2019-09-25,2019,6,300,5,"NW","3","SB",103
2019-09-26,2019,6,300,5,"S","3","SB",89
2019-09-27,2019,6.16666666666667,300,5,"NW","4","HD",57
2019-09-28,2019,6.16666666666667,300,5,"SSW","4","HD",138
2019-09-29,2019,6.16666666666667,300,5,"NNW","4","HD",231
2019-09-30,2019,6.16666666666667,300,5,"NNE","4","HD",296
2019-10-01,2019,6.16666666666667,300,5,"SSE","4","HD",261
2019-10-02,2019,6.16666666666667,240,4,"NNW","3","HD",404
2019-10-03,2019,6.16666666666667,300,5,"NNW","4","HD",318
2019-10-04,2019,6.16666666666667,300,5,"NNE","3","SB",117
2019-10-05,2019,6.33333333333333,300,5,"NNW","4","HD",147
2019-10-06,2019,6.33333333333333,300,5,"SSE","4","HD",154
2019-10-07,2019,6.33333333333333,180,3,"SSE","2","HD",132
2019-10-08,2019,6.33333333333333,300,5,"SSW","3","SB",431
2019-10-09,2019,6.33333333333333,300,5,"NNW","4","HD",540
2019-10-10,2019,6.5,300,5,"NNE","4","HD",288
2019-10-11,2019,6.5,300,5,"NNW","4","HD",813
2019-10-12,2019,6.5,300,5,"NNW","3","HD",322
2019-10-13,2019,6.5,240,4,"NNE","3","HD",108
2019-10-14,2019,6.5,300,5,"SSE","3","HD",747
2019-10-15,2019,6.66666666666667,270,4.5,"WNW","4","HD",54
2019-10-16,2019,6.66666666666667,300,5,"SSW","4","HD",302
2019-10-17,2019,13.0833333333333,60,1,"S","2","SB",21
2019-10-18,2019,6.43333333333333,300,5,"WNW","4","SB",64
2019-10-19,2019,6.66666666666667,300,5,"WNW","4","HD",156
2019-10-20,2019,6.66666666666667,300,5,"WNW","4","HD",802
2019-10-21,2019,6.66666666666667,300,5,"SSE","4","HD",1008
2019-10-22,2019,6.66666666666667,330,5.5,"NNW","4","HD",1153
2019-10-23,2019,6.66666666666667,120,2,"SSE","1","HD",97
2019-10-24,2019,6.66666666666667,120,2,"SSE","4","HD",435
2019-10-25,2019,7,240,4,"NW","4","SB",137
2019-10-26,2019,7.33333333333333,240,4,"NNW","4","HD",95
2019-10-27,2019,6.83333333333333,300,5,"ENE","4","ND",543
2019-10-29,2019,7,95,1.58333333333333,"NNW","4","HD/SB",127
2019-10-30,2019,7,240,4,"SSE","3","HD",347
2019-10-31,2019,8.33333333333333,80,1.33333333333333,"SSE","2","HD",37
2019-11-01,2019,6.83333333333333,180,3,"SSW","2","SB",8
2019-11-02,2019,7,300,5,"SSE","4","HD",161
2019-11-03,2019,6,300,5,"NNW","4","HD",93
2019-11-04,2019,6.16666666666667,300,5,"SSE","4","HD",86
2019-11-05,2019,6.16666666666667,270,4.5,"S","4","HD",402
2019-11-06,2019,6.33333333333333,300,5,"NNW","4","HD",128
2019-11-07,2019,6.16666666666667,290,4.83333333333333,"SSW","4","HD",117
2019-11-08,2019,6,240,4,"NW","3","SB",68
2019-11-09,2019,6.33333333333333,240,4,"NNW","3","HD",441
2019-11-10,2019,6.66666666666667,180,3,"NNW","4","HD",163
2019-11-11,2019,6.33333333333333,270,4.5,"NNW","4","HD",303
2019-11-12,2019,9.66666666666667,120,2,"SSW","1","HD",14
2019-11-13,2019,6.5,25,0.416666666666667,"SSW","3","HD",0
2019-11-14,2019,11.6666666666667,60,1,"S","3","SB",50
2019-11-15,2019,6.25,240,4,"WSW","3","SB",149
2020-09-01,2020,6.33333333333333,160,2.66666666666667,"N","4","SB/RZK",58
2020-09-02,2020,6.25,120,2,"NE","4","RZK",38
2020-09-04,2020,5.75,135,2.25,"SSW","1","SB",0
2020-09-10,2020,6,180,3,"ESE","1","SB",0
2020-09-11,2020,5.66666666666667,204,3.4,"N","4","ZS",24
2020-09-12,2020,5.83333333333333,209,3.48333333333333,"N","4","ZS",12
2020-09-13,2020,5.75,205,3.41666666666667,"S","4","ZS",35
2020-09-14,2020,5.91666666666667,185,3.08333333333333,"W","4","ZS",5
2020-09-15,2020,5.83333333333333,243,4.05,"NNW","4","ZS",48
2020-09-16,2020,5.91666666666667,186,3.1,"SSW","4","ZS",6
2020-09-17,2020,5.88333333333333,187,3.11666666666667,"SW","4","ZS/SB",8
2020-09-18,2020,6.13333333333333,172,2.86666666666667,"NNE","4","ZS",28
2020-09-19,2020,6.15,180,3,"N","4","ZS",23
2020-09-20,2020,6.1,180,3,"N","4","ZS",45
2020-09-21,2020,6.1,180,3,"NE",NA,"ZS",59
2020-09-22,2020,6.23333333333333,180,3,"NNE","4","ZS",82
2020-09-23,2020,6.23333333333333,180,3,"NW","4","ZS",17
2020-09-24,2020,6.23333333333333,180,3,"E","4","ZS",9
2020-09-25,2020,6.33333333333333,180,3,"NE","4","ZS",70
2020-09-26,2020,6.5,165,2.75,"SSW","1","ZS",0
2020-09-28,2020,6.33333333333333,65,1.08333333333333,"SW","1","ZS",0
2020-09-30,2020,0,60,1,NA,NA,NA,0
2020-10-01,2020,6.56666666666667,180,3,"SW","4","ZS/AK",50
2020-10-02,2020,6.41666666666667,84,1.4,"E","3","ZS/AK",16
2020-10-03,2020,6.41666666666667,302,5.03333333333333,"NW","4","AK",36
2020-10-04,2020,6.56666666666667,238,3.96666666666667,"NE","4","AK",218
2020-10-05,2020,6.48333333333333,300,5,"E","3","AK",26
2020-10-06,2020,8.46666666666667,300,5,"S","4","AK",484
2020-10-07,2020,6.58333333333333,300,5,"S","4","AK",333
2020-10-08,2020,6.5,30,0.5,"WNW","4","SB",9
2020-10-09,2020,6.55,300,5,"W","4","AK",325
2020-10-10,2020,6.55,300,5,"SW","4","AK",320
2020-10-11,2020,6.5,300,5,"NNW","4","AK",198
2020-10-12,2020,6.45,300,5,"NE","4","AK",456
2020-10-13,2020,6.43333333333333,300,5,"E","4","AK",311
2020-10-14,2020,6.78333333333333,300,5,"W","3","AK",48
2020-10-15,2020,6.58333333333333,180,3,"N","3","SB",35
2020-10-16,2020,6.48333333333333,300,5,"S","4","AK",153
2020-10-17,2020,13.6,120,2,"WNW","3","AK",58
2020-10-18,2020,6.56666666666667,300,5,"NNW","4","AK",144
2020-10-19,2020,6.51666666666667,300,5,"SE","4","AK",238
2020-10-20,2020,6.4,300,5,"SSE","4","AK",142
2020-10-21,2020,6.46666666666667,200,3.33333333333333,"NE","3","AK",551
2020-10-22,2020,6.25,210,3.5,"NNW","4","SB",226
2020-10-23,2020,6.51666666666667,300,5,"E","4","AK",2548
2020-10-24,2020,14.6333333333333,120,2,"SSW","4","AK",92
2020-10-25,2020,6.53333333333333,300,5,"NNW","4","AK",176
2020-10-26,2020,6.55,280,4.66666666666667,"NE","4","AK",481
2020-10-27,2020,8.08333333333333,300,5,"NW","4","AK",212
2020-10-28,2020,6.61666666666667,300,5,NA,"4","AK",471
2020-10-29,2020,6.5,180,3,"NW","3","SB",259
2020-10-30,2020,6.7,300,5,"NNE","4","AK",289
2020-10-31,2020,6.7,300,5,"NW","4","AK",191
2020-11-01,2020,5.81666666666667,180,3,"SSW","4","AK",213
2020-11-02,2020,6.08333333333333,300,5,"WNW","4","AK",373
2020-11-03,2020,11.7833333333333,120,2,"NW","3","AK",121
2020-11-04,2020,5.9,300,5,NA,"4","AK",562
2020-11-05,2020,5.75,240,4,"SSW","3","SB",67
2020-11-06,2020,5.8,300,5,"SW","4","AK",79
2020-11-07,2020,5.81666666666667,300,5,"SW","4","AK",124
2020-11-08,2020,5.95,240,4,"NE","3","AK",274
2020-11-10,2020,5.88333333333333,300,5,"SSW","3","AK",475
2020-11-11,2020,5.86666666666667,180,3,"SW","2","AK",100
2020-11-12,2020,6,210,3.5,NA,"3","SB",84
2020-11-13,2020,5.91666666666667,270,4.5,"NE","4","AK",240
2020-11-14,2020,5.95,300,5,"WNW","4","AK",84
2020-11-15,2020,6.03333333333333,300,5,NA,"4","AK",161
2020-11-16,2020,6.01666666666667,300,5,"SW","4","AK",275
2020-11-17,2020,6.05,300,5,"WNW","4","AK",233
2020-11-18,2020,6.05,300,5,"NW","4","AK",196
2020-11-19,2020,6,180,3,"WNW","4","SB",26
2020-11-20,2020,6.06666666666667,300,5,"SW","4","AK",453
2021-08-24,2021,7.88333333333333,183,3.05,"SW","3","AK",0
2021-08-25,2021,5.28333333333333,301,5.01666666666667,"NW","4","AK",63
2021-08-26,2021,5.25,420,7,NA,"3","AK",11
2021-08-27,2021,5.3,300,5,"NW","4","AK",8
2021-08-28,2021,5.45,300,5,"NNW","4","AK",34
2021-08-29,2021,5.35,300,5,"SW","4","AK",97
2021-08-31,2021,5.33333333333333,300,5,"S","3","AK",13
2021-09-01,2021,5.43333333333333,300,5,"W","4","AK",36
2021-09-02,2021,14.3833333333333,120,2,"N","4","AK",19
2021-09-03,2021,5.43333333333333,300,5,"W","4","AK",10
2021-09-04,2021,5.46666666666667,300,5,"W","4","AK",1
2021-09-05,2021,5.45,300,5,"E","3","AK",50
2021-09-06,2021,5.48333333333333,60,1,"S","2","AK",0
2021-09-07,2021,5.5,300,5,"W","4","AK",3
2021-09-08,2021,5.55,240,4,"S","3","AK",11
2021-09-09,2021,6.06666666666667,300,5,"S","4","AV",26
2021-09-10,2021,6.1,300,5,"WNW","3","AV",0
2021-09-11,2021,6.11666666666667,300,5,"W","4","AV",34
2021-09-13,2021,6.35,300,5,"W","4","AK",55
2021-09-14,2021,5.58333333333333,300,5,"NW","4","AK",64
2021-09-15,2021,5.83333333333333,300,5,"S","3","AK",123
2021-09-16,2021,6.78333333333333,300,5,"NE","4","AK",129
2021-09-17,2021,5.68333333333333,300,5,NA,"4","AK",84
2021-09-18,2021,13.75,60,1,"SE","2","AK",0
2021-09-19,2021,5.7,300,5,"NNW","4","AK",36
2021-09-20,2021,5.68333333333333,300,5,"S","4","AK",53
2021-09-21,2021,5.76666666666667,300,5,"S","4","AK",62
2021-09-22,2021,5.83333333333333,300,5,"S","3","AK",31
2021-09-23,2021,5.76666666666667,300,5,"S","3","AK",33
2021-09-24,2021,5.83333333333333,180,3,"SE","2","AK",41
2021-09-26,2021,14,120,2,"W","3","AK",30
2021-09-27,2021,5.86666666666667,300,5,"SW","4","AK",114
2021-09-28,2021,5.95,300,5,"S","3","AK",65
2021-09-29,2021,5.95,300,5,"NNW","4","AK",361
2021-09-30,2021,5.91666666666667,300,5,"NNW","4","AK",306
2021-10-02,2021,6,75,1.25,"WNW","4","SB",60
2021-10-03,2021,6,75,1.25,"NNE",NA,"SB",120
2021-10-05,2021,7.16666666666667,80,1.33333333333333,"N","4","SB",50
2021-10-06,2021,6.25,180,3,"WSW","4","SB/RZK",84
2021-10-07,2021,6.33333333333333,180,3,"N","4","RZK",84
2021-10-08,2021,6.5,120,2,NA,"4","RZK",15
2021-10-09,2021,6.5,90,1.5,NA,"4","RZK",32
2021-10-10,2021,6.5,90,1.5,"SE","4","RZK",97
2021-10-11,2021,6.66666666666667,150,2.5,"SE","3","RZK",85
2021-10-12,2021,6.5,120,2,"WSW","4","RZK",81
2021-10-14,2021,6.5,180,3,"NW","4","BD",74
2021-10-15,2021,6.66666666666667,180,3,"ENE","3","RZK",324
2021-10-16,2021,6.25,225,3.75,"SSE","3","SB/RZK",33
2021-10-17,2021,6.75,180,3,NA,"2","SB/RZK",53
2021-10-18,2021,6.66666666666667,120,2,"WNW","4","RZK",236
2021-10-19,2021,6.66666666666667,120,2,"WNW","4","RZK",79
2021-10-20,2021,6.5,180,3,"WNW","3","RZK",72
2021-10-21,2021,6.66666666666667,120,2,"SSE","4","RZK",281
2021-10-22,2021,6.5,120,2,"S","2","SB",210
2021-10-23,2021,6.75,150,2.5,"N","4","RZK",48
2021-10-24,2021,6.5,150,2.5,"N","4","RZK",69
2021-10-25,2021,6.75,120,2,"WNW","4","RZK",551
2021-10-26,2021,6.75,150,2.5,"ENE","3","RZK",134
2021-10-27,2021,7,120,2,"NE","2","RZK",338
2021-10-28,2021,6.75,90,1.5,"NNE","3","RZK",61
2021-10-29,2021,7,120,2,"NE","3","RZK",82
2021-10-30,2021,6.75,90,1.5,"E","4","RZK",29
2021-10-31,2021,8,30,0.5,"NE","1","RZK",0
2021-11-01,2021,7,90,1.5,"WSW","4","SB",33
2021-11-02,2021,7,60,1,"WNW","4","SB",18
2021-11-07,2021,6.75,90,1.5,"S","4","RZK",22
2021-11-08,2021,6.75,90,1.5,"NW","3","RZK",3
2021-11-09,2021,7,120,2,"WSW","4","RZK",3
2021-11-10,2021,6.58333333333333,120,2,"NNE","3","SB/RZK",21
2021-11-11,2021,6.66666666666667,90,1.5,"NW","4","RZK",3
2021-11-12,2021,6.5,180,3,"SE","3","RZK",317
2021-11-13,2021,6.41666666666667,105,1.75,"NW","4","RZK",33
2021-11-14,2021,7,75,1.25,"W","3","RZK",0
2021-11-15,2021,6.66666666666667,90,1.5,"SSE","2","RZK",14
2021-11-16,2021,6.75,120,2,"WNW","4","RZK",26
2021-11-17,2021,6.41666666666667,120,2,"NW","3","RZK",28
2021-11-18,2021,6.41666666666667,180,3,"S","2","RZK",305
2021-11-19,2021,6.66666666666667,105,1.75,"WNW","3","RZK",61
2021-11-20,2021,6,120,2,"WNW","3","SB",23
2021-11-21,2021,6.58333333333333,150,2.5,"SW","3","RZK",88
2021-11-23,2021,6.66666666666667,60,1,"WNW","3","RZK",10
2022-09-13,2022,5.63333333333333,300,5,"N","1","TG",0
2022-09-14,2022,5.66666666666667,180,3,"NE","3","TG",0
2022-09-15,2022,5.66666666666667,300,5,"WNW","4","TG",0
2022-09-16,2022,5.66666666666667,300,5,"WNW","4","TG",0
2022-09-18,2022,5.75,300,5,"E","4","TG",13
2022-09-19,2022,5.83333333333333,290,4.83333333333333,"S","4","TG",0
2022-09-20,2022,5.78333333333333,300,5,"SW","2","TG",0
2022-09-21,2022,6,210,3.5,"WNW","3","SB",35
2022-09-22,2022,6,180,3,"N","3","TG",15
2022-09-23,2022,6,270,4.5,"SE","4","TG",0
2022-09-24,2022,6,60,1,"WNW","4","SB",2
2022-09-25,2022,6,270,4.5,"NE","4","TG",4
2022-09-26,2022,6,120,2,"N","2","TG",7
2022-09-27,2022,6,180,3,"N","3","TG",0
2022-09-28,2022,6,120,2,"W","1","SB",0
2022-09-29,2022,6,270,4.5,"SE","4","TG",28
2022-09-30,2022,6,270,4.5,"N","4","TG",43
2022-10-02,2022,6,270,4.5,"S","4","TG",56
2022-10-04,2022,6,270,4.5,"SE","4","TG",77
2022-10-05,2022,6,270,4.5,"S","4","TG",46
2022-10-07,2022,6,270,4.5,"S","4","TG",76
2022-10-08,2022,6,270,4.5,"W","4","TG",6
2022-10-09,2022,6,270,4.5,"N","4","TG",7
2022-10-10,2022,6,270,4.5,NA,"4","TG",200
2022-10-11,2022,6,180,3,"NW","4","SB",29
2022-10-12,2022,6,270,4.5,"E","3","TG",73
2022-10-13,2022,6,240,4,"N","3","TG",10
2022-10-17,2022,7,210,3.5,"N","3","TG",79
2022-10-18,2022,9,180,3,"SE","3","SB",402
2022-10-20,2022,6.5,270,4.5,"NNE","4","TG",140
2022-10-22,2022,6.5,210,3.5,"NE","4","TG",27
2022-10-23,2022,6.5,270,4.5,"N","4","TG",158
2022-10-24,2022,6.5,90,1.5,"SW","3","TG",2
2022-10-27,2022,7,180,3,"SW","2","SB",341
2022-10-28,2022,6.5,270,4.5,"S","4","TG",55
2022-10-29,2022,6.5,240,4,"S","4","TG",7
2022-10-31,2022,6.5,240,4,"NE","3","TG",12
2022-11-02,2022,6.5,240,4,"S","4","TG",8
2022-11-03,2022,6.5,150,2.5,NA,"4","SB",214
2022-11-05,2022,6.5,240,4,"NE","4","TG",93
2022-11-06,2022,5.5,180,3,"NNE","3","TG",26
2022-11-08,2022,6,240,4,"SE","4","TG",35
2022-11-09,2022,6,240,4,"S","4","TG",27
2022-11-10,2022,6,180,3,"SW","3","SB/KL",32
2022-11-11,2022,6,240,4,"NE","4","TG",59
2022-11-13,2022,6,180,3,"W","4","TG",91
2022-11-14,2022,6,180,3,"ESE","4","TG",11
2022-11-16,2022,6,150,2.5,"W","3","TG",7
2022-11-17,2022,6,150,2.5,"WNW","4","SB",26
2022-11-18,2022,6,150,2.5,"E","4","TG",0
2023-09-05,2023,7.75,75,1.25,"N","2","BG/SB",0
2023-09-06,2023,8.5,60,1,"N","2","BG/SB",0
2023-09-09,2023,7.5,30,0.5,"SE","1","BG",0
2023-09-12,2023,7,180,3,"E","2","BG",0
2023-09-17,2023,6,300,5,"WNW","4","ND",13
2023-09-18,2023,6,225,3.75,"SSW","4","ND",49
2023-09-19,2023,6.08333333333333,235,3.91666666666667,"S","3","ND",4
2023-09-20,2023,6.08333333333333,205,3.41666666666667,"W","4","ND",3
2023-09-21,2023,6.06666666666667,270,4.5,"NW","4","ND",34
2023-09-22,2023,6.08333333333333,180,3,"ENE","4","ND",72
2023-09-23,2023,6,300,5,"SSW","4","ND",71
2023-09-24,2023,6.08333333333333,300,5,NA,"4","ND",184
2023-09-25,2023,6.08333333333333,305,5.08333333333333,"NE","4","ND",219
2023-09-26,2023,6,240,4,"NNE","4","ND/SB",115
2023-09-27,2023,6,180,3,"N","4","ND/BG",78
2023-09-28,2023,6,180,3,"N","3","ND",70
2023-09-29,2023,6.08333333333333,360,6,"N","2","ND",169
2023-09-30,2023,6.08333333333333,240,4,"NE","2","ND",118
2023-10-01,2023,6.08333333333333,210,3.5,"NNE","3","ND",63
2023-10-02,2023,6.08333333333333,245,4.08333333333333,"N","4","ND/BG",59
2023-10-03,2023,6,180,3,"SW","4","SB/BG/ZK",39
2023-10-04,2023,6,180,3,"NE","4","ND",107
2023-10-05,2023,6.08333333333333,180,3,"SSE","2","ND",23
2023-10-06,2023,6.16666666666667,240,4,"NNE","2","ND",76
2023-10-07,2023,6.16666666666667,270,4.5,"ESE","3","ND",74
2023-10-08,2023,6.16666666666667,110,1.83333333333333,"S","2","ND/BG",3
2023-10-09,2023,6.25,300,5,"S","3","ND",188
2023-10-10,2023,6.25,245,4.08333333333333,"SSW","4","ND/SB",143
2023-10-11,2023,6.16666666666667,300,5,"N","3","ND",317
2023-10-12,2023,6.25,300,5,NA,"3","ND",195
2023-10-14,2023,6,420,7,"NW","4","SB",211
2023-10-15,2023,6,210,3.5,"WNW","4","SB",302
2023-10-16,2023,6.5,180,3,"NNE","4","SB",234
2023-10-17,2023,6.41666666666667,505,8.41666666666667,"NE","3","ND",1488
2023-10-18,2023,6.25,150,2.5,"SW","4","ND",430
2023-10-19,2023,6.33333333333333,300,5,"SW","3","ND",301
2023-10-20,2023,6.33333333333333,180,3,"S","3","ND",111
2023-10-21,2023,6.5,210,3.5,"NE","3","ND",297
2023-10-22,2023,6.58333333333333,180,3,"W","2","ND",36
2023-10-23,2023,6.5,420,7,"N","4","ND",645
2023-10-24,2023,6.5,240,4,"N","4","ND",470
2023-10-25,2023,6.58333333333333,180,3,"SW","3","ND",195
2023-10-26,2023,6.58333333333333,210,3.5,"W","3","ND",197
2023-10-27,2023,6.5,270,4.5,"S","3","ND",454
2023-10-28,2023,6.41666666666667,180,3,"SW","3","ND",14
2023-10-29,2023,6.5,255,4.25,"NNW","4","ND",105
2023-10-30,2023,6.66666666666667,255,4.25,"NE","3","ND",178
2023-10-31,2023,6.5,180,3,"NW","4","ND",93
2023-11-01,2023,6.58333333333333,180,3,"NE","4","ND",83
2023-11-03,2023,6.66666666666667,190,3.16666666666667,"SW","4","ND",219
2023-11-04,2023,6.66666666666667,210,3.5,"SW","3","ND",619
2023-11-05,2023,5.75,240,4,"NNW","3","ND",454
2023-11-06,2023,5.5,180,3,"NNE","4","ND",64
2023-11-07,2023,5.75,405,6.75,"S","3","ND",12
2023-11-08,2023,5.66666666666667,180,3,"NW","3","ND",39
2023-11-09,2023,5.66666666666667,255,4.25,"N","3","ND",202
2023-11-10,2023,5.66666666666667,365,6.08333333333333,"W","4","ND",387
2023-11-11,2023,5.75,195,3.25,"WNW","3","SB",96
2023-11-12,2023,5.66666666666667,180,3,"NW","3","ND",65
2023-11-13,2023,5.66666666666667,200,3.33333333333333,"NW","4","ND",36
2023-11-14,2023,5.75,180,3,"NE","3","ND",41
2023-11-15,2023,5.75,180,3,"NW","3","ND",31
2023-11-16,2023,5.75,180,3,"W","3","ND/BG",9
2023-11-17,2023,5.75,180,3,"S","3","ND",25
2023-11-18,2023,6.16666666666667,285,4.75,NA,"3","ND",25
2023-11-19,2023,5.75,180,3,"W","3","ND",21
2023-11-20,2023,5.83333333333333,180,3,"NW","3","ND",65
2023-11-21,2023,5.83333333333333,180,3,"N","3","ND",148
2023-11-27,2023,6.41666666666667,345,5.75,"S","3","ND",2
2023-11-28,2023,6.33333333333333,180,3,"W","3","ND",27
2023-11-29,2023,6.16666666666667,150,2.5,"NW","3","ND",26
2023-11-30,2023,6.33333333333333,180,3,"SW","3","ND",76
2023-12-01,2023,6.33333333333333,180,3,"SW","3","ND/SB",30
2023-12-02,2023,6.41666666666667,215,3.58333333333333,"S","2","ND",20
2023-12-03,2023,6.41666666666667,185,3.08333333333333,"NE","3","ND",289
2023-12-04,2023,6.58333333333333,180,3,"NE","2","ND",4
2023-12-05,2023,6.5,180,3,"N","2","ND",27
2023-12-06,2023,6.33333333333333,180,3,"N","3","ND",60
2023-12-07,2023,6.41666666666667,125,2.08333333333333,"N","3","ND",3
2023-12-08,2023,6.25,120,2,"NW","3","ND",5
2023-12-09,2023,6.33333333333333,180,3,"N","3","ND",50
2023-12-10,2023,6.5,120,2,"SSE","3","ND",18
2023-12-11,2023,6.75,310,5.16666666666667,"SW","3","ND",4
2023-12-12,2023,6.33333333333333,190,3.16666666666667,"W","3","ND",31
2023-12-13,2023,6.41666666666667,185,3.08333333333333,"W","3","ND",11
2023-12-14,2023,6.41666666666667,120,2,"NW","3","ND",8
2023-12-15,2023,6.41666666666667,120,2,"SW","3","ND",10
2023-12-18,2023,6.91666666666667,240,4,"SE","2","ND",0
2023-12-19,2023,6.75,155,2.58333333333333,"SW","3","ND",9
2023-12-20,2023,6.58333333333333,120,2,"N","3","ND",8
2023-12-21,2023,6.5,120,2,"N","3","ND",13
2023-12-22,2023,6.5,90,1.5,"NNW","3","ND",3
2024-08-21,2024,5.21666666666667,300,5,"WSW",NA,"NH",18
2024-08-22,2024,5.23333333333333,300,5,"SW","4","NH",27
2024-08-23,2024,5.25,300,5,"WNW","4","NH",80
2024-08-24,2024,5.26666666666667,300,5,"W","4","NH",131
2024-08-25,2024,5.3,300,5,"WSW","4","NH",67
2024-08-28,2024,6.91666666666667,226,3.76666666666667,"SW","3","NH",7
2024-08-29,2024,5.36666666666667,300,5,"N","4","NH",7
2024-08-30,2024,5.38333333333333,300,5,"SE","4","NH",24
2024-08-31,2024,5.41666666666667,300,5,"S","4","NH",42
2024-09-02,2024,5.45,300,5,"NW","4","NH",13
2024-09-03,2024,5.48333333333333,300,5,"WNW","4","NH",10
2024-09-05,2024,5.5,300,5,"SW","3","NH",28
2024-09-06,2024,5.53333333333333,300,5,"E","4","NH",10
2024-09-07,2024,5.55,300,5,"NW","3","NH",19
2024-09-09,2024,5.58333333333333,300,5,"W","4","NH",8
2024-09-10,2024,5.6,300,5,"W","4","NH",12
2024-09-11,2024,5.61666666666667,300,5,"NW","4","NH",27
2024-09-12,2024,5.63333333333333,300,5,"WSW","4","NH",42
2024-09-13,2024,5.66666666666667,300,5,"SW","3","NH",62
2024-09-14,2024,5.68333333333333,310,5.16666666666667,"NNE","4","NH",64
2024-09-16,2024,5.71666666666667,300,5,"SW","4","NH",46
2024-09-17,2024,5.73333333333333,300,5,NA,"3","NH",13
2024-09-18,2024,5.75,300,5,NA,"4","NH",25
2024-09-19,2024,5.76666666666667,300,5,NA,"4","NH",42
2024-09-20,2024,5.8,300,5,"NE","4","NH",80
2024-09-22,2024,5.83333333333333,300,5,"NE","4","NH",52
2024-09-23,2024,5.85,305,5.08333333333333,"NE","4","NH",30
2024-09-24,2024,5.86666666666667,300,5,"NE","4","NH",47
2024-09-25,2024,5.9,300,5,"WNW","4","NH",106
2024-09-26,2024,5.91666666666667,300,5,"ESE","4","NH",14
2024-09-27,2024,6.43333333333333,270,4.5,"WNW","3","NH",12
2024-09-28,2024,5.95,300,5,"NNE","3","NH",70
2024-09-29,2024,5.96666666666667,300,5,"NNE","4","NH",64
2024-09-30,2024,5.98333333333333,300,5,"NW","4","NH",35
2024-10-01,2024,6,150,2.5,"NE","4","SB",51
2024-10-02,2024,6,300,5,"E","4","SB",280
2024-10-03,2024,6.05,300,5,"SW","4","NH",205
2024-10-04,2024,6.06666666666667,150,2.5,"ESE","3","NH",36
2024-10-05,2024,6.08333333333333,300,5,"SSE","4","NH",46
2024-10-06,2024,6.11666666666667,300,5,"NE","4","NH",98
2024-10-07,2024,9.1,123,2.05,"SE","2","NH",186
2024-10-08,2024,6.15,300,5,"NW","4","NH",195
2024-10-09,2024,6,180,3,"SE","4","SB",257
2024-10-10,2024,6,180,3,NA,"4","SB",54
2024-10-11,2024,6.21666666666667,300,5,"WNW","4","NH",47
2024-10-12,2024,6.25,300,5,"W","4","NH",36
2024-10-13,2024,6.25,300,5,"WNW","4","NH",334
2024-10-14,2024,6.61666666666667,280,4.66666666666667,"NE","3","NH",117
2024-10-15,2024,6.3,270,4.5,"NE","4","NH",186
2024-10-16,2024,6.28333333333333,180,3,"W","4","SB",211
2024-10-17,2024,6.33333333333333,180,3,"NW","4","SB",198
2024-10-18,2024,6.58333333333333,165,2.75,"N","4","NH",14
2024-10-19,2024,6.58333333333333,150,2.5,"WSW","4","NH",60
2024-10-20,2024,6.4,180,3,"W","4","NH",71
2024-10-21,2024,6.43333333333333,240,4,"W","4","NH",38
2024-10-22,2024,6.45,180,3,"NNE","4","NH",9
2024-10-23,2024,6.5,60,1,NA,"4","SB",0
2024-10-24,2024,6.5,300,5,"NW","4","NH",107
2024-10-25,2024,6.51666666666667,300,5,"NNW","4","NH",51
2024-10-26,2024,6.53333333333333,300,5,"WSW","4","NH",209
2024-10-27,2024,6.55,300,5,"NW","4","NH",47
2024-10-28,2024,6.58333333333333,300,5,"NW","4","NH",40
2024-10-29,2024,6.5,150,2.5,"NNE","4","SB",89
2024-10-30,2024,6.63333333333333,132,2.2,"S","4","NH",25
2024-11-01,2024,6.68333333333333,300,5,"SW","4","NH",67
2024-11-02,2024,6.7,180,3,"N","4","NH",26
2024-11-03,2024,6,150,2.5,NA,"4","NH",15
2024-11-04,2024,5.73333333333333,180,3,NA,NA,"NH",36
2024-11-05,2024,6.25,120,2,"SW","2","NH",0
2024-11-06,2024,5.78333333333333,240,4,NA,"4","NH",0
2024-11-07,2024,6,240,4,"N","3","SB",93
2024-11-08,2024,5.81666666666667,155,2.58333333333333,"SW","4","NH",15
2024-11-09,2024,5.83333333333333,120,2,"NNW","4","NH",5
2024-11-10,2024,5.88333333333333,300,5,"WSW","4","NH",0
2024-11-12,2024,5.91666666666667,270,4.5,"NNE","4","NH",35
2024-11-13,2024,6,150,2.5,NA,"3","SB",8
2024-11-14,2024,6.13333333333333,300,5,"NNW","4","NH",0
2024-11-15,2024,6,120,2,"NNW","4","NH",0
2024-11-16,2024,6.56666666666667,180,3,NA,"3","NH",3
2024-11-17,2024,6.03333333333333,120,2,NA,"4","NH",0
2024-11-18,2024,6.05,150,2.5,"NW","4","NH",2
2024-11-19,2024,6.06666666666667,120,2,"NW","4","NH",0
2024-11-20,2024,6,150,2.5,"NNW","4","SB",11
2024-11-21,2024,6,150,2.5,"NNE","4","SB",0
2024-11-23,2024,6.65,270,4.5,"NNE","3","NH",4
2024-11-24,2024,6.18333333333333,240,4,"WNW","4","NH",0
2024-11-25,2024,12.3333333333333,60,1,"NW","4","NH",6
2024-11-26,2024,6.5,150,2.5,"NNW","4","NH",23
